scope,variable,H5_N,H5_missing,H5_mean,H5_median,H5_std,H5_q25,H5_q75,H5_IQR,H7_N,H7_missing,H7_mean,H7_median,H7_std,H7_q25,H7_q75,H7_IQR,mean_difference,median_difference,IQR_difference,standardized_mean_difference,KS
S1_eligible_observations,er_4,44972,0,0.48775687769685283,0.4520547945206563,0.3109735461285583,0.21739130434793802,0.7428571428573332,0.5254658385093951,8462,0,0.49735517810094293,0.46605202227740994,0.320324461700792,0.21684782608692973,0.7721286299330932,0.5552808038461634,0.009598300404090099,0.01399722775675366,0.029814965336768307,0.030404808879251767,0.02622430074561166
S1_eligible_observations,er_16,44972,0,0.23711705838531594,0.20392638627934692,0.17232750970803118,0.09720308408845937,0.345535459636629,0.24833237554816964,8462,0,0.24154658336071788,0.2102169170440649,0.17673778662619485,0.09581040348456253,0.35646500383485646,0.2606546003502939,0.004429524975401944,0.006290530764717972,0.012322224802124276,0.025377323489684276,0.0195708002498175
S1_eligible_observations,rv_16,44972,0,0.00167894263883106,0.0014942312986279684,0.0009218322019831789,0.0009871627990738875,0.0021561474923584493,0.0011689846932845618,8462,0,0.001665925355854294,0.0014821800958695853,0.0008525060387114658,0.0010309908610686366,0.0021369010272903216,0.001105910166221685,-1.3017282976766084e-05,-1.2051202758383119e-05,-6.307452706287684e-05,-0.014661644588234792,0.04181524077809029
S1_eligible_observations,atr_change_1,44972,0,-0.004277828562785705,-0.011142431099381012,0.03393078919602412,-0.02858032663633947,0.012532192020289101,0.04111251865662857,8462,0,-0.003637421366154982,-0.00958712422980107,0.032612847485505365,-0.02707004225364648,0.013811444765413183,0.040881487019059665,0.0006404071966307234,0.0015553068695799421,-0.000231031637568907,0.019243962635650595,0.02724818949296387
S1_eligible_observations,atr_change_8,44972,0,0.002066209913081086,-0.034431185277923715,0.20368672043883687,-0.15495458678435495,0.11624951289905583,0.27120409968341075,8462,0,1.0319657912386943e-05,-0.024370887954958287,0.189671311254141,-0.14487206356331392,0.1086478829888547,0.2535199465521686,-0.002055890255168699,0.010060297322965428,-0.017684153131242164,-0.010446394104297617,0.03492287214904671
S1_eligible_observations,slope_atr_4,44972,0,0.11300138536282045,0.08814166970160597,0.3215734996282183,-0.09906791183050005,0.30768400849049066,0.4067519203209907,8462,0,0.1153154335417212,0.09562389970584254,0.32539158957842296,-0.10070653109518335,0.32060437075207865,0.421310901847262,0.0023140481789007544,0.007482230004236562,0.014558981526271275,0.007153424262080962,0.013937015627339622
S1_eligible_observations,slope_atr_16,44972,0,0.10489271506601171,0.09552165452625976,0.12219473413092698,0.020358318089607863,0.17918324748562078,0.15882492939601292,8462,0,0.10875190993209892,0.10103101423688923,0.12224991178849101,0.02190717119918543,0.18550083971638326,0.16359366851719784,0.003859194866087212,0.005509359710629477,0.004768739121184917,0.03157520389333163,0.02076417390243379
S1_eligible_observations,range_pos_16,44972,0,0.7291641776243454,0.7432228300807668,0.23401982269405167,0.5791666666666778,0.8861877568447342,0.30702109017805634,8462,0,0.7364633209994985,0.7511900733220079,0.24040818830017785,0.5798854694076719,0.9024390243902851,0.3225535549826132,0.007299143375153139,0.007967243241241095,0.015532464804556834,0.030767499245670602,0.029059542666039384
S1_eligible_observations,h1_er_8,44972,0,0.3579713671852083,0.3220338983050954,0.24331454075686124,0.15451895043730232,0.5305164319249267,0.37599748148762435,8462,0,0.3786723788875992,0.34340784671534486,0.2585094218742065,0.15414264494851637,0.560253699788604,0.4061110548400876,0.020701011702390915,0.021373948410249477,0.03011357335246323,0.08246528680830052,0.04181314908556355
S1_eligible_observations,h1_atr_change_4,44972,0,0.02020693219115266,0.0023499919819064408,0.1336697147107524,-0.09137631740244212,0.10561301749674401,0.19698933489918613,8462,0,0.010921931604632795,-0.009918225052196916,0.12362879272016224,-0.08453682354962067,0.08649345442117196,0.17103027797079262,-0.009285000586519866,-0.012268217034103357,-0.02595905692839351,-0.07211809085037417,0.05597583626340208
S1_eligible_observations,h1_slope_atr_8,44972,0,0.1496053150856561,0.12831770869766324,0.20505462034471333,0.007627382041284447,0.2662482782689398,0.2586208962276554,8462,0,0.1506591937480292,0.14203508051699199,0.19998036380292883,0.0069130172793135615,0.27725982013849754,0.270346802859184,0.0010538786623730811,0.01371737181932875,0.011725906631528615,0.005203481232575712,0.03130804381067859
S1_eligible_observations,h3_er_8,44972,0,0.39200908587865974,0.3597164796219794,0.25664460468010464,0.1752212389380172,0.5813953488372149,0.40617410989919767,8462,0,0.39093201877240036,0.35451505016721474,0.2530678485665447,0.1765546819156527,0.5842055185537605,0.40765083663810775,-0.0010770671062593773,-0.00520142945476465,0.0014767267389100835,-0.004226071316751439,0.022041588397249012
S1_eligible_observations,h3_atr_change_4,44972,0,0.09927567996390482,0.07148753502947658,0.15693039054366167,-0.01834175731458565,0.18589954768214878,0.20424130499673443,8462,0,0.07779761274658416,0.052181873780381416,0.14060110309612994,-0.02359890120217889,0.15151430502150864,0.17511320622368753,-0.021478067217320665,-0.019305661249095163,-0.029128098773046895,-0.14415813843988384,0.0767837359995609
S1_eligible_observations,h3_slope_atr_8,44972,0,0.09625331708025452,0.08617310799372624,0.29683500415601394,-0.09611190289368941,0.2923348469404551,0.3884467498341445,8462,0,0.09252948112284771,0.08410857077987861,0.2938982871007597,-0.11325727619294589,0.29591363117945435,0.40917090737240025,-0.0037238359574068014,-0.0020645372138476253,0.02072415753825574,-0.012607347505603255,0.024533482668267242
S1_eligible_observations,state_age,44972,0,11.51992350796051,8.0,11.798012778615702,3.0,16.0,13.0,8462,0,13.245095722051525,8.0,14.967252088715568,3.0,17.0,14.0,1.7251722140910157,0.0,1.0,0.12801696102890142,0.03422716365253076
S1_eligible_observations,bars_since_transition,42654,2318,10.32740188493459,7.0,11.590097484888078,2.0,15.0,13.0,8052,410,12.096000993541978,7.0,14.932002509650346,2.0,16.0,14.0,1.768599108607388,0.0,1.0,0.1323216460056754,0.034593768301790284
S1_eligible_observations,max_posterior,44972,0,0.9390074564120598,0.9990687578913986,0.1190770554110908,0.9498745693219341,0.9999723675412833,0.05009779821934912,8462,0,0.9402453007289463,0.9995129334348044,0.11953290147964933,0.9568824953228058,0.9999808882374799,0.0430983929146741,0.0012378443168864495,0.00044417554340581145,-0.0069994053046750215,0.010375443457021483,0.045048177565060965
S1_eligible_observations,posterior_margin,44972,0,0.8786368661268344,0.9981871175908168,0.23692923835817906,0.9003625890790385,0.999946426473227,0.09958383739418841,8462,0,0.8810281709183142,0.9990372172144929,0.2380479719380507,0.9138851251576734,0.9999630279794294,0.08607790282175598,0.0023913047914797536,0.0008500996236761038,-0.013505934572432432,0.010069106923990202,0.04493426441049497
S1_eligible_observations,posterior_entropy,44972,0,0.13996925233623211,0.0075083454966454275,0.22310973981482154,0.00032267143081242736,0.20053753784420444,0.200214866413392,8462,0,0.13462209599182354,0.004281642681627623,0.2235362143420727,0.00022920522415703602,0.17862445279355,0.17839524756939296,-0.005347156344408577,-0.0032267028150178047,-0.02181961884399905,-0.023943590475193337,0.045476916722446914
S1_matched_entries,er_4,794,0,0.4987162157642288,0.4561883899234753,0.315578654847382,0.22167182662530807,0.7609721082854405,0.5393002816601324,63,0,0.42898175979449615,0.3684210526316097,0.3216497048956577,0.13594470046087215,0.6627906976743525,0.5268459972134804,-0.06973445596973266,-0.08776733729186564,-0.012454284446652086,-0.21885809147200705,0.13687977289992403
S1_matched_entries,er_16,794,0,0.17202634228741542,0.1355599641274886,0.14248821424447922,0.0618904048684225,0.2459129050925999,0.18402250022417738,63,0,0.10987207259925326,0.0965034965034707,0.08171157246892244,0.04328438729669653,0.16610587707491886,0.12282148977822233,-0.062154269688162164,-0.039056467624017904,-0.06120101044595505,-0.535140266680834,0.2135860221502539
S1_matched_entries,rv_16,794,0,0.0018032453166229988,0.0016142485877756376,0.0009353321172482157,0.0010889453080903774,0.002271600452734451,0.0011826551446440735,63,0,0.001451426318475529,0.0014654095159335773,0.0006656377215058334,0.0009232214426441326,0.001853561769624926,0.0009303403269807933,-0.0003518189981474699,-0.0001488390718420603,-0.0002523148176632802,-0.4334008941193007,0.1873575626724241
S1_matched_entries,atr_change_1,794,0,-0.00020665236195946087,-0.008360222627500524,0.036042882398692834,-0.026289104361016946,0.016351340091127542,0.04264044445214449,63,0,-0.005190189763480241,-0.012443217993201472,0.03337689452987515,-0.028748936528803948,0.01161201107205767,0.04036094760086162,-0.004983537401520781,-0.004082995365700948,-0.0022794968512828695,-0.14347111671799959,0.12284594778297542
S1_matched_entries,atr_change_8,794,0,0.05697389725624393,0.029360995628313957,0.21069543744973118,-0.10028310185454706,0.18067895863044076,0.28096206048498784,63,0,-0.030901773605734782,-0.06905790752028385,0.1781854271246226,-0.1496976798164401,0.036695905072990254,0.18639358488943036,-0.08787567086197871,-0.0984189031485978,-0.09456847559555748,-0.45037031857995874,0.25032985486385995
S1_matched_entries,slope_atr_4,794,0,0.17370756776859328,0.15314012539399655,0.333339966487035,-0.05461748577365577,0.3908940537954432,0.44551153956909895,63,0,-0.07958889419744472,-0.07991200966551268,0.22981078704744867,-0.25162413683656737,0.09298775019201763,0.34461188702858503,-0.253296461966038,-0.23305213505950922,-0.10089965254051392,-0.8847424144143939,0.3677182039902443
S1_matched_entries,slope_atr_16,794,0,0.0748790483923348,0.060235422287807844,0.11349336877275282,-0.00679322962517038,0.14564792004681412,0.1524411496719845,63,0,0.022089595488613882,0.024343653816593817,0.0630882969083898,-0.018744408268003738,0.06924099943049732,0.08798540769850105,-0.05278945290372091,-0.03589176847121403,-0.06445574197348344,-0.5749393934065027,0.29568989644556387
S1_matched_entries,range_pos_16,794,0,0.742852387524828,0.7503894080996831,0.21580450108241525,0.5918919914536198,0.8777610875767206,0.28586909612310074,63,0,0.48325883083238946,0.4968152866241831,0.21215006458046665,0.36969318072517704,0.6261888111888314,0.25649563046365437,-0.2595935566924385,-0.2535741214755,-0.029373465659446374,-1.2131385585378003,0.5291871576506337
S1_matched_entries,h1_er_8,794,0,0.27450206761866724,0.23790009490120123,0.20273231154087565,0.10964614324106856,0.41668861179504424,0.30704246855397566,63,0,0.3389444070410726,0.31594202898544044,0.22449704989306357,0.1410749506903188,0.48407566678054476,0.343000716090226,0.06444233942240535,0.0780419340842392,0.03595824753625032,0.30128490500381117,0.16358802127064087
S1_matched_entries,h1_atr_change_4,794,0,0.03428019484866623,0.02636314708076437,0.13351183367984928,-0.08231799499739689,0.119314815753775,0.2016328107511719,63,0,-0.024666141157385257,-0.04928835398071074,0.1009359688720159,-0.09498553569406137,0.022712515068360584,0.11769805076242196,-0.05894633600605148,-0.07565150106147511,-0.08393475998874994,-0.49806759325174593,0.27879732917516287
S1_matched_entries,h1_slope_atr_8,794,0,0.0499466943130567,0.03680845625967395,0.1397908553886796,-0.044991708566975215,0.13371996406207168,0.17871167262904689,63,0,0.10895063428494256,0.11537241921607509,0.17152471730409377,-0.026915463469054095,0.22534838492295833,0.25226384839201244,0.05900393997188586,0.07856396295640114,0.07355217576296555,0.3771077830331666,0.2552676822198232
S1_matched_entries,h3_er_8,794,0,0.3872166370655002,0.3604941153079796,0.2510382058279448,0.18384956727449236,0.5595928248451272,0.3757432575706348,63,0,0.4256014864418543,0.3996075866579554,0.279540092897355,0.18308242509256611,0.6728230545858169,0.4897406294932508,0.03838484937635411,0.03911347134997584,0.113997371922616,0.14448229728374687,0.13685978169605373
S1_matched_entries,h3_atr_change_4,794,0,0.06359753798637159,0.031422492066868424,0.14278820363578426,-0.04660597525459101,0.14728763525212474,0.19389361050671575,63,0,0.05975462903830817,0.02410087470748845,0.1220902396136061,-0.034367618410505396,0.14408268206153596,0.17845030047204136,-0.0038429089480634185,-0.007321617359379973,-0.01544331003467439,-0.028928211875407395,0.09117988085242493
S1_matched_entries,h3_slope_atr_8,794,0,0.07277240234104415,0.07584884409596233,0.27896633420911604,-0.11168159889619124,0.25901418771616436,0.3706957866123556,63,0,0.1937384603824135,0.16243142589687343,0.30246303511664047,-0.01328706277680402,0.45628721734110356,0.4695742801179076,0.12096605804136934,0.0865825818009111,0.098878493505552,0.4157595360572941,0.2164847467114469
S1_matched_entries,state_age,794,0,8.05037783375315,5.0,10.920438217089941,2.0,8.0,6.0,63,0,15.793650793650794,14.0,14.311239357253593,5.5,22.5,17.0,7.743272959897645,9.0,11.0,0.6083055778030745,0.3981248250769661
S1_matched_entries,bars_since_transition,759,35,6.955204216073781,3.0,10.859286903957479,1.0,7.0,6.0,62,1,14.85483870967742,13.0,14.419757363859329,4.25,21.75,17.5,7.899634493603639,10.0,11.5,0.6188861882344284,0.40609460665561653
S1_matched_entries,max_posterior,794,0,0.9066351734133624,0.9904409845475441,0.141103110079956,0.8495974248619506,0.9998463516946947,0.15024892683274416,63,0,0.8736182926759702,0.9627228558131188,0.15617833830717998,0.7561044056642201,0.9985731763001342,0.2424687706359141,-0.033016880737392174,-0.027718128734425362,0.09221984380316994,-0.22184035102066985,0.15057374755107755
S1_matched_entries,posterior_margin,794,0,0.8145032301490865,0.9809970376339753,0.28042315223474934,0.6992233307956452,0.9997002751829913,0.30047694438734607,63,0,0.7480872234799556,0.9254731774475364,0.31218890140274896,0.5124341193108117,0.9971638586030134,0.48472973929220164,-0.06641600666913094,-0.055523860186438845,0.18425279490485558,-0.22382533615771544,0.15057374755107755
S1_matched_entries,posterior_entropy,794,0,0.20721378924410347,0.05579307838500065,0.25389695074818674,0.001517219695612275,0.432039949325264,0.43052272962965177,63,0,0.27003205634227695,0.1594176278288498,0.2711154458472996,0.01086521970284835,0.5571640415783566,0.5462988218755083,0.06281826709817348,0.10362454944384915,0.1157760922458565,0.23917344060220394,0.15183319339490625
