entry_time,entry_price,entry_deal,entry_order,exit_time,exit_price,exit_deal,profit,deal_profit,swap,commission,outcome,required_state_timestamp,state_timestamp,state_at_entry,p_S0,p_S1,p_S2,max_posterior,posterior_entropy,posterior_margin,state_age,bars_since_transition,continuity_segment_id,state_match_status
2016-01-05 02:31:28+00:00,1.0821,2,2,2016-01-05 05:17:45+00:00,1.08262,3,0.48,0.48,0.0,0.0,WIN,2016-01-05 02:30:00+00:00,,,,,,,,,,,,NO_COMPLETE_VECTOR_AT_BOUNDARY
2016-01-05 08:50:15+00:00,1.07937,4,4,2016-01-05 11:46:22+00:00,1.07546,5,-3.64,-3.64,0.0,0.0,LOSS,2016-01-05 08:45:00+00:00,,,,,,,,,,,,NO_COMPLETE_VECTOR_AT_BOUNDARY
2016-01-05 15:40:38+00:00,1.07162,6,6,2016-01-05 15:59:29+00:00,1.07215,7,0.49,0.49,0.0,0.0,WIN,2016-01-05 15:30:00+00:00,2016-01-05 15:30:00+00:00,S2,1.162186233050885e-05,2.8757321474902217e-28,0.9999883781376696,0.9999883781376696,0.00014367662978563594,0.9999767562753391,27.0,,0.0,MATCHED
2016-01-05 17:03:52+00:00,1.07415,8,8,2016-01-05 17:57:52+00:00,1.0747,9,0.51,0.51,0.0,0.0,WIN,2016-01-05 17:00:00+00:00,2016-01-05 17:00:00+00:00,S2,3.2893930345199125e-05,3.279042726362671e-05,0.9999343156423912,0.9999343156423912,0.0007437940881957995,0.999901421712046,33.0,,0.0,MATCHED
2016-01-06 07:04:08+00:00,1.07363,10,13,2016-01-06 08:22:40+00:00,1.07422,11,0.55,0.55,0.0,0.0,WIN,2016-01-06 07:00:00+00:00,2016-01-06 07:00:00+00:00,S2,2.7894693231157046e-06,0.00012198652573592643,0.9998752240049407,0.9998752240049407,0.001259738343111037,0.9997532374792047,15.0,14.0,0.0,MATCHED
2016-01-06 13:15:00+00:00,1.07195,12,15,2016-01-06 13:15:11+00:00,1.07285,13,0.84,0.84,0.0,0.0,WIN,2016-01-06 13:15:00+00:00,2016-01-06 13:15:00+00:00,S1,9.076289293875756e-05,0.9190293154100366,0.08087992169702506,0.9190293154100366,0.2818410609440273,0.8381493937130116,8.0,7.0,0.0,MATCHED
2016-01-07 17:00:35+00:00,1.08573,14,26,2016-01-07 17:03:20+00:00,1.08623,15,0.46,0.46,0.0,0.0,WIN,2016-01-07 17:00:00+00:00,2016-01-07 17:00:00+00:00,S1,0.0016585688519417344,0.9773507913966843,0.020990639751373587,0.9773507913966843,0.11410966998240882,0.9563601516453107,3.0,2.0,0.0,MATCHED
2016-01-08 00:50:19+00:00,1.09118,16,28,2016-01-08 00:58:19+00:00,1.09173,17,0.5,0.5,0.0,0.0,WIN,2016-01-08 00:45:00+00:00,2016-01-08 00:45:00+00:00,S1,0.07483132908535228,0.9162999551536146,0.008868715761031334,0.9162999551536146,0.31600345466307156,0.8414686260682623,24.0,23.0,0.0,MATCHED
2016-01-08 06:42:54+00:00,1.08632,18,31,2016-01-08 07:50:29+00:00,1.08687,19,0.51,0.51,0.0,0.0,WIN,2016-01-08 06:30:00+00:00,2016-01-08 06:30:00+00:00,S2,5.308554213301069e-06,0.0012724789680973816,0.9987222124776887,0.9987222124776887,0.009824797461969102,0.9974497335095913,19.0,18.0,0.0,MATCHED
2016-01-08 10:19:56+00:00,1.08615,20,33,2016-01-08 10:22:27+00:00,1.08667,21,0.48,0.48,0.0,0.0,WIN,2016-01-08 10:15:00+00:00,2016-01-08 10:15:00+00:00,S2,0.00023899724330470162,0.027110091315250908,0.972650911441445,0.972650911441445,0.1267737799847607,0.9455408201261941,1.0,0.0,0.0,MATCHED
2016-01-08 13:30:02+00:00,1.08279,22,35,2016-01-08 13:30:05+00:00,1.08117,23,-1.5,-1.5,0.0,0.0,LOSS,2016-01-08 13:30:00+00:00,2016-01-08 13:30:00+00:00,S2,5.546468544583076e-06,0.0009409241507526196,0.999053529380703,0.999053529380703,0.0075701170996659555,0.9981126052299504,3.0,2.0,0.0,MATCHED
2016-01-11 02:06:28+00:00,1.09306,24,40,2016-01-11 08:02:30+00:00,1.08906,25,-3.67,-3.67,0.0,0.0,LOSS,2016-01-11 02:00:00+00:00,,,,,,,,,,,,NO_COMPLETE_VECTOR_AT_BOUNDARY
2016-01-11 11:00:01+00:00,1.09003,26,42,2016-01-11 11:13:51+00:00,1.09054,27,0.47,0.47,0.0,0.0,WIN,2016-01-11 11:00:00+00:00,,,,,,,,,,,,NO_COMPLETE_VECTOR_AT_BOUNDARY
2016-01-11 14:30:03+00:00,1.08622,28,44,2016-01-11 14:36:05+00:00,1.08672,29,0.46,0.46,0.0,0.0,WIN,2016-01-11 14:30:00+00:00,,,,,,,,,,,,NO_COMPLETE_VECTOR_AT_BOUNDARY
2016-01-11 19:25:50+00:00,1.08731,30,46,2016-01-11 20:16:37+00:00,1.08785,31,0.5,0.5,0.0,0.0,WIN,2016-01-11 19:15:00+00:00,,,,,,,,,,,,NO_COMPLETE_VECTOR_AT_BOUNDARY
2016-01-12 00:57:31+00:00,1.08505,32,48,2016-01-12 01:38:32+00:00,1.08556,33,0.47,0.47,0.0,0.0,WIN,2016-01-12 00:45:00+00:00,,,,,,,,,,,,NO_COMPLETE_VECTOR_AT_BOUNDARY
2016-01-12 14:45:14+00:00,1.08436,34,53,2016-01-12 14:48:44+00:00,1.08497,35,0.56,0.56,0.0,0.0,WIN,2016-01-12 14:45:00+00:00,,,,,,,,,,,,NO_COMPLETE_VECTOR_AT_BOUNDARY
2016-01-13 00:16:12+00:00,1.0841,36,57,2016-01-13 14:37:51+00:00,1.08463,37,0.49,0.49,0.0,0.0,WIN,2016-01-13 00:15:00+00:00,,,,,,,,,,,,NO_COMPLETE_VECTOR_AT_BOUNDARY
2016-01-14 03:11:20+00:00,1.08793,38,62,2016-01-14 03:57:39+00:00,1.08844,39,0.47,0.47,0.0,0.0,WIN,2016-01-14 03:00:00+00:00,2016-01-14 03:00:00+00:00,S1,6.567267527456918e-06,0.9646816699362484,0.03531176279622393,0.9646816699362484,0.152831793944841,0.9293699071400244,44.0,43.0,1.0,MATCHED
2016-01-14 15:35:29+00:00,1.08673,40,65,2016-01-15 01:26:05+00:00,1.08725,41,0.4,0.48,-0.08,0.0,WIN,2016-01-14 15:30:00+00:00,2016-01-14 15:30:00+00:00,S2,0.0020341392906814016,1.136857747361149e-05,0.9979544921318433,0.9979544921318433,0.014779791237949882,0.9959203528411619,2.0,1.0,1.0,MATCHED
2016-01-15 07:39:40+00:00,1.0861,42,67,2016-01-15 07:41:28+00:00,1.0867,43,0.55,0.55,0.0,0.0,WIN,2016-01-15 07:30:00+00:00,2016-01-15 07:30:00+00:00,S1,1.9188583216068664e-06,0.9369592709621904,0.06303881017948712,0.9369592709621904,0.23527536631260415,0.8739204607827034,27.0,26.0,1.0,MATCHED
2016-01-15 17:56:01+00:00,1.09504,44,72,2016-01-15 18:00:29+00:00,1.09555,45,0.47,0.47,0.0,0.0,WIN,2016-01-15 17:45:00+00:00,2016-01-15 17:45:00+00:00,S1,0.029053016975352598,0.9709469792833993,3.7412487540329556e-09,0.9709469792833993,0.13143486977206742,0.9418939623080468,1.0,0.0,1.0,MATCHED
2016-01-18 05:16:02+00:00,1.08935,46,76,2016-01-18 06:00:01+00:00,1.08985,47,0.46,0.46,0.0,0.0,WIN,2016-01-18 05:15:00+00:00,,,,,,,,,,,,NO_COMPLETE_VECTOR_AT_BOUNDARY
2016-01-18 08:00:07+00:00,1.0889,48,78,2016-01-18 08:55:14+00:00,1.08942,49,0.48,0.48,0.0,0.0,WIN,2016-01-18 08:00:00+00:00,,,,,,,,,,,,NO_COMPLETE_VECTOR_AT_BOUNDARY
2016-01-18 12:32:40+00:00,1.08874,50,80,2016-01-18 12:45:54+00:00,1.08925,51,0.47,0.47,0.0,0.0,WIN,2016-01-18 12:30:00+00:00,,,,,,,,,,,,NO_COMPLETE_VECTOR_AT_BOUNDARY
2016-01-18 15:52:51+00:00,1.08866,52,82,2016-01-18 17:52:07+00:00,1.08918,53,0.48,0.48,0.0,0.0,WIN,2016-01-18 15:45:00+00:00,,,,,,,,,,,,NO_COMPLETE_VECTOR_AT_BOUNDARY
2016-01-18 23:12:09+00:00,1.08894,54,84,2016-01-18 23:38:30+00:00,1.08948,55,0.5,0.5,0.0,0.0,WIN,2016-01-18 23:00:00+00:00,,,,,,,,,,,,NO_COMPLETE_VECTOR_AT_BOUNDARY
2016-01-19 02:03:07+00:00,1.0883,56,86,2016-01-19 02:12:30+00:00,1.0888,57,0.46,0.46,0.0,0.0,WIN,2016-01-19 02:00:00+00:00,,,,,,,,,,,,NO_COMPLETE_VECTOR_AT_BOUNDARY
2016-01-19 05:02:47+00:00,1.08865,58,88,2016-01-19 14:35:02+00:00,1.08915,59,0.46,0.46,0.0,0.0,WIN,2016-01-19 05:00:00+00:00,,,,,,,,,,,,NO_COMPLETE_VECTOR_AT_BOUNDARY
2016-01-20 09:31:58+00:00,1.09259,60,95,2016-01-20 09:33:19+00:00,1.0931,61,0.47,0.47,0.0,0.0,WIN,2016-01-20 09:30:00+00:00,2016-01-20 09:30:00+00:00,S0,0.9923211359014176,0.00011417261931514109,0.007564691479268378,0.9923211359014176,0.04563369007082621,0.9847564444221492,1.0,0.0,2.0,MATCHED
2016-01-20 11:25:44+00:00,1.09124,62,97,2016-01-20 12:55:31+00:00,1.09176,63,0.48,0.48,0.0,0.0,WIN,2016-01-20 11:15:00+00:00,2016-01-20 11:15:00+00:00,S2,0.00021858296405544725,3.1506952053364654e-08,0.9997813855289936,0.9997813855289936,0.0020614274086248694,0.9995628025649382,6.0,5.0,2.0,MATCHED
2016-01-20 14:30:35+00:00,1.09091,64,99,2016-01-20 15:00:59+00:00,1.09143,65,0.48,0.48,0.0,0.0,WIN,2016-01-20 14:30:00+00:00,2016-01-20 14:30:00+00:00,S2,6.48510076144227e-05,0.005471913945761102,0.9944632350466248,0.9944632350466248,0.034645215889428,0.9889913211008637,1.0,0.0,2.0,MATCHED
2016-01-20 19:20:49+00:00,1.08957,66,101,2016-01-20 19:26:53+00:00,1.09013,67,0.51,0.51,0.0,0.0,WIN,2016-01-20 19:15:00+00:00,2016-01-20 19:15:00+00:00,S2,4.9933204187829694e-05,0.1331125383692146,0.8668375284265972,0.8668375284265972,0.3927983503144254,0.7337249900573826,4.0,3.0,2.0,MATCHED
2016-01-20 20:16:20+00:00,1.08796,68,103,2016-01-20 20:23:22+00:00,1.08848,69,0.48,0.48,0.0,0.0,WIN,2016-01-20 20:15:00+00:00,2016-01-20 20:15:00+00:00,S2,3.927650012760109e-05,4.637733148874722e-05,0.9999143461683838,0.9999143461683838,0.0009468911747393506,0.9998679688368951,8.0,7.0,2.0,MATCHED
2016-01-20 23:00:47+00:00,1.08897,70,105,2016-01-20 23:18:51+00:00,1.08947,71,0.46,0.46,0.0,0.0,WIN,2016-01-20 23:00:00+00:00,2016-01-20 23:00:00+00:00,S2,2.3972023557678096e-05,0.02737080444243719,0.9726052235340051,0.9726052235340051,0.12575886812728243,0.9452344190915679,19.0,18.0,2.0,MATCHED
2016-01-21 13:33:21+00:00,1.08733,72,110,2016-01-21 13:33:34+00:00,1.08347,73,-3.56,-3.56,0.0,0.0,LOSS,2016-01-21 13:30:00+00:00,2016-01-21 13:30:00+00:00,S2,9.177027987716895e-05,0.09787021947404499,0.9020380102460787,0.9020380102460787,0.3213134371669848,0.8041677907720337,4.0,3.0,2.0,MATCHED
2016-01-21 23:39:02+00:00,1.08639,74,115,2016-01-22 12:13:33+00:00,1.08237,75,-3.79,-3.71,-0.08,0.0,LOSS,2016-01-21 23:30:00+00:00,2016-01-21 23:30:00+00:00,S2,0.0005725223035768359,0.05914987404040044,0.9402776036560239,0.9402776036560239,0.2294335176110009,0.8811277296156235,1.0,0.0,2.0,MATCHED
2016-01-22 17:00:49+00:00,1.08114,76,118,2016-01-22 17:05:12+00:00,1.08172,77,0.54,0.54,0.0,0.0,WIN,2016-01-22 17:00:00+00:00,2016-01-22 17:00:00+00:00,S2,4.399232155205123e-05,0.07739494141371553,0.922561066264733,0.922561066264733,0.27284210359969285,0.8451661248510175,3.0,2.0,2.0,MATCHED
2016-01-25 12:17:03+00:00,1.08137,78,124,2016-01-25 13:00:45+00:00,1.08187,79,0.46,0.46,0.0,0.0,WIN,2016-01-25 12:15:00+00:00,,,,,,,,,,,,NO_COMPLETE_VECTOR_AT_BOUNDARY
2016-01-25 17:10:34+00:00,1.0828,80,127,2016-01-25 18:02:25+00:00,1.08332,81,0.48,0.48,0.0,0.0,WIN,2016-01-25 17:00:00+00:00,,,,,,,,,,,,NO_COMPLETE_VECTOR_AT_BOUNDARY
2016-01-26 02:53:36+00:00,1.08497,82,131,2016-01-26 06:24:04+00:00,1.08548,83,0.47,0.47,0.0,0.0,WIN,2016-01-26 02:45:00+00:00,,,,,,,,,,,,NO_COMPLETE_VECTOR_AT_BOUNDARY
2016-01-26 09:20:45+00:00,1.08362,84,133,2016-01-26 09:28:17+00:00,1.08413,85,0.47,0.47,0.0,0.0,WIN,2016-01-26 09:15:00+00:00,2016-01-26 09:15:00+00:00,S2,0.00020996976648407674,0.000531871119844293,0.9992581591136724,0.9992581591136724,0.006529539026461943,0.9987262879938281,2.0,,3.0,MATCHED
2016-01-26 14:03:44+00:00,1.08222,86,136,2016-01-26 14:25:15+00:00,1.08302,87,0.74,0.74,0.0,0.0,WIN,2016-01-26 14:00:00+00:00,2016-01-26 14:00:00+00:00,S2,1.8210930856236076e-05,0.00015505595122791374,0.9998267331179164,0.9998267331179164,0.0017321047468409072,0.9996716771666885,21.0,,3.0,MATCHED
2016-01-27 11:04:03+00:00,1.0869,88,144,2016-01-27 11:35:33+00:00,1.08742,89,0.48,0.48,0.0,0.0,WIN,2016-01-27 11:00:00+00:00,2016-01-27 11:00:00+00:00,S1,1.9611103570702423e-06,0.9692941077943001,0.03070393109534283,0.9692941077943001,0.13720832471421401,0.9385901766989573,10.0,9.0,3.0,MATCHED
2016-01-27 23:00:07+00:00,1.09009,90,149,2016-01-28 00:02:44+00:00,1.09059,91,0.23,0.46,-0.23,0.0,WIN,2016-01-27 23:00:00+00:00,2016-01-27 23:00:00+00:00,S1,0.0009660650283719392,0.9990334814582794,4.5351334931968486e-07,0.9990334814582794,0.007679368791546889,0.9980674164299075,8.0,7.0,3.0,MATCHED
2016-01-28 05:14:08+00:00,1.08809,92,152,2016-01-28 06:03:46+00:00,1.0886,93,0.47,0.47,0.0,0.0,WIN,2016-01-28 05:00:00+00:00,2016-01-28 05:00:00+00:00,S2,7.934293689743912e-06,4.5746315933522106e-05,0.9999463193903759,0.9999463193903759,0.0006039774779758361,0.9999005730744424,10.0,9.0,3.0,MATCHED
2016-01-28 20:22:12+00:00,1.09481,94,158,2016-01-29 03:39:42+00:00,1.09081,95,-3.75,-3.67,-0.08,0.0,LOSS,2016-01-28 20:15:00+00:00,2016-01-28 20:15:00+00:00,S1,7.5949904455980596e-06,0.9999606728721561,3.173213739752984e-05,0.9999606728721561,0.00045754347630641524,0.9999289407347586,44.0,43.0,3.0,MATCHED
2016-01-29 05:09:49+00:00,1.09208,96,160,2016-01-29 12:06:03+00:00,1.09259,97,0.47,0.47,0.0,0.0,WIN,2016-01-29 05:00:00+00:00,2016-01-29 05:00:00+00:00,S0,1.0,2.039593893328645e-24,1.4239009364212918e-16,1.0,5.195524329666691e-15,0.9999999999999999,6.0,5.0,3.0,MATCHED
2016-01-29 16:11:39+00:00,1.08142,98,162,2016-01-29 16:13:44+00:00,1.08193,99,0.47,0.47,0.0,0.0,WIN,2016-01-29 16:00:00+00:00,2016-01-29 16:00:00+00:00,S2,0.09830088039345099,2.8286210529436446e-51,0.90169911960655,0.90169911960655,0.3213335056523682,0.803398239213099,9.0,8.0,3.0,MATCHED
