period,state,variable,WIN_N,WIN_total,WIN_missing,WIN_mean,WIN_median,WIN_q25,WIN_q75,WIN_IQR,LOSS_N,LOSS_total,LOSS_missing,LOSS_mean,LOSS_median,LOSS_q25,LOSS_q75,LOSS_IQR,mean_difference,median_difference,cliffs_delta,hedges_g
ALL,S0,state_age,89,89,0,8.348314606741573,4.0,1.0,12.0,11.0,25,25,0,7.6,4.0,2.0,9.0,7.0,-0.7483146067415731,0.0,0.017977528089887642,-0.06802479045213652
ALL,S0,bars_since_transition,84,89,5,7.583333333333333,3.0,0.0,11.0,11.0,24,25,1,6.875,4.0,1.0,8.5,7.5,-0.708333333333333,1.0,0.04513888888888889,-0.06294146959718316
ALL,S0,max_posterior,89,89,0,0.9489194097462884,0.9999403084306464,0.9710400175947564,0.9999999973107344,0.028959979715977968,25,25,0,0.9589183167977156,0.9999995654239434,0.9817403667306142,0.9999999998117914,0.018259633081177284,0.009998907051427142,5.925699329700773e-05,0.09123595505617978,0.08568825825798287
ALL,S0,posterior_margin,89,89,0,0.9049672926293486,0.9998806168612944,0.94208003564702,0.9999999946254275,0.057919958978407515,25,25,0,0.9178366376112074,0.9999991308478856,0.96348073346123,0.9999999996235828,0.03651926616235279,0.012869344981858766,0.0001185139865912399,0.09123595505617978,0.060974930778393235
ALL,S0,posterior_entropy,89,89,0,0.12179387206914773,0.0006402690785334,5.578898619258025e-08,0.1311081764285002,0.13110812063951402,25,25,0,0.10447705971079976,6.800634941742683e-06,4.4028544063581566e-09,0.0911863551115264,0.091186350708672,-0.017316812358347963,-0.0006334684435916573,-0.09842696629213483,-0.07404380546051574
ALL,S1,state_age,785,785,0,8.044585987261147,5.0,2.0,8.0,6.0,9,9,0,8.555555555555555,4.0,1.0,5.0,4.0,0.5109695682944082,-1.0,-0.11705590941259732,0.0467169748755188
ALL,S1,bars_since_transition,750,785,35,6.948,3.5,1.0,7.0,6.0,9,9,0,7.555555555555555,3.0,0.0,4.0,4.0,0.607555555555555,-0.5,-0.10874074074074074,0.05585671191394044
ALL,S1,max_posterior,785,785,0,0.9080215099578673,0.9905556471870198,0.8527762786165379,0.999858308408275,0.14708202979173712,9,9,0,0.7857158192537698,0.8033729046418304,0.5401461925515273,0.9983972876535484,0.4582510951020211,-0.12230569070409758,-0.1871827425451894,-0.36503892427459306,-0.8690861813710892
ALL,S1,posterior_margin,785,785,0,0.8169298078511691,0.9816910765507958,0.7055555181071841,0.9997181475801354,0.29416262947295135,9,9,0,0.6028517305785371,0.606748396176267,0.1563654200685497,0.9968138253368328,0.8404484052682831,-0.21407807727263195,-0.3749426803745288,-0.35173389950460016,-0.7647111175651733
ALL,S1,posterior_entropy,785,785,0,0.2050476070285966,0.0540813338543213,0.0014095624971583,0.4234833869099506,0.4220738244127923,9,9,0,0.3961530158188683,0.4957225420066068,0.0120208331616421,0.6904243165957573,0.6784034834341152,0.1911054087902717,0.4416412081522855,0.36362349610757255,0.7539016692641228
ALL,S2,state_age,1222,1222,0,11.511456628477905,9.0,3.25,14.0,10.75,254,254,0,10.948818897637794,10.0,6.0,13.0,7.0,-0.5626377308401107,1.0,0.08008363725401756,-0.05089738525688036
ALL,S2,bars_since_transition,1154,1222,68,10.231369150779896,7.0,2.0,13.0,11.0,239,254,15,10.02510460251046,9.0,5.0,12.0,7.0,-0.20626454826943608,2.0,0.10714777778583497,-0.01911238467953611
ALL,S2,max_posterior,1222,1222,0,0.9417847636393628,0.9995282556254745,0.9639383651708198,0.9999794323749971,0.036041067204177324,254,254,0,0.983648514305338,0.9999542529184285,0.999291475068083,0.9999925736902572,0.0007010986221741566,0.04186375066597514,0.0004259972929540057,0.28762709898578553,0.378885232216355
ALL,S2,posterior_margin,1222,1222,0,0.8840058689035222,0.999074007267183,0.9285633898224409,0.9999615029873863,0.07139811316494538,254,254,0,0.9673157301327431,0.9999212337092986,0.998618704122177,0.9999851473805145,0.0013664432583374575,0.0833098612292209,0.0008472264421156561,0.28540407489980285,0.37795372079209544
ALL,S2,posterior_entropy,1222,1222,0,0.1320876497174508,0.0041002169400301495,0.000247773791803525,0.1577975701197783,0.15754979632797478,254,254,0,0.03988609738564855,0.00051336981498345,9.513238679829413e-05,0.0058488876990096745,0.00575375531221138,-0.09220155233180224,-0.0035868471250466993,-0.28889647795662204,-0.44335349982985484
2016,S0,state_age,25,25,0,9.64,4.0,2.0,12.0,10.0,3,3,0,20.666666666666668,8.0,4.5,30.5,26.0,11.026666666666667,4.0,0.13333333333333333,0.7325753137631943
2016,S0,bars_since_transition,25,25,0,8.64,3.0,1.0,11.0,10.0,3,3,0,19.666666666666668,7.0,3.5,29.5,26.0,11.026666666666667,4.0,0.13333333333333333,0.7325753137631943
2016,S0,max_posterior,25,25,0,0.9148883733011562,0.9999403084306464,0.9420429231660052,0.9999999974687556,0.05795707430275032,3,3,0,0.9386719318300969,0.999999999999865,0.9080078977451453,0.9999999999999325,0.09199210225478716,0.02378355852894065,5.9691569218589535e-05,0.24,0.13851422306500394
2016,S0,posterior_margin,25,25,0,0.845879515341506,0.9998806168612944,0.8840860353785862,0.9999999949375096,0.11591395955892336,3,3,0,0.8773438961334937,0.99999999999973,0.8160158442002404,0.999999999999865,0.18398415579962457,0.03146438079198777,0.00011938313843562476,0.24,0.10445275727217126
2016,S0,posterior_entropy,25,25,0,0.18201403970557223,0.0006402690785334,5.2636130064180796e-08,0.2213115251703398,0.22131147253420974,3,3,0,0.15912765444222507,4.1317768657405146e-12,2.0658884328702573e-12,0.23869148166333762,0.23869148166127174,-0.02288638526334716,-0.0006402690744016232,-0.25333333333333335,-0.06983690750625654
2016,S1,state_age,105,105,0,6.161904761904762,4.0,2.0,7.0,5.0,1,1,0,1.0,1.0,1.0,1.0,0.0,-5.161904761904762,-3.0,-0.8095238095238095,
2016,S1,bars_since_transition,103,105,2,5.184466019417476,3.0,1.0,6.0,5.0,1,1,0,0.0,0.0,0.0,0.0,0.0,-5.184466019417476,-3.0,-0.8058252427184466,
2016,S1,max_posterior,105,105,0,0.9001986978134319,0.9857728805495408,0.8440550235077695,0.9994231952786254,0.15536817177085593,1,1,0,0.8033729046418304,0.8033729046418304,0.8033729046418304,0.8033729046418304,0.0,-0.09682579317160145,-0.1823999759077104,-0.5619047619047619,
2016,S1,posterior_margin,105,105,0,0.8018179410584031,0.9723754070541952,0.6881122292766996,0.9989798815535637,0.3108676522768641,1,1,0,0.606748396176267,0.606748396176267,0.606748396176267,0.606748396176267,0.0,-0.19506954488213613,-0.36562701087792826,-0.580952380952381,
2016,S1,posterior_entropy,105,105,0,0.22383277815036814,0.077790501744022,0.0051905036268196,0.444685455429646,0.4394949518028264,1,1,0,0.4957225420066068,0.4957225420066068,0.4957225420066068,0.4957225420066068,0.0,0.27188976385623864,0.4179320402625848,0.5619047619047619,
2016,S2,state_age,209,209,0,11.119617224880383,9.0,3.0,14.0,11.0,40,40,0,9.45,8.0,5.0,12.0,7.0,-1.6696172248803833,-1.0,-0.008133971291866028,-0.16238977472440677
2016,S2,bars_since_transition,198,209,11,9.853535353535353,8.0,2.0,13.0,11.0,38,40,2,8.605263157894736,7.5,4.0,11.0,7.0,-1.2482721956406166,-0.5,0.006512493354598618,-0.12619217777585937
2016,S2,max_posterior,209,209,0,0.9411331409296098,0.9978323364844351,0.9404567994397928,0.999947395714578,0.05949059627478526,40,40,0,0.9747301934879845,0.9998631240287585,0.9979849130952108,0.9999834234903207,0.001998510395109898,0.03359705255837475,0.002030787544323398,0.2638755980861244,0.30849932637441585
2016,S2,posterior_margin,209,209,0,0.8828523759012166,0.9956741302671192,0.8809182497678061,0.9998999957754112,0.11898174600760514,40,40,0,0.9495499157642279,0.9997262480575181,0.9959698261904224,0.9999677388666,0.003997912676177551,0.0666975398630113,0.004052117790398935,0.2619617224880383,0.30707704339005715
2016,S2,posterior_entropy,209,209,0,0.1407267748523332,0.0155130384255685,0.0005878750259481,0.2257574044387542,0.2251695294128061,40,40,0,0.057284356584131224,0.00135403944596665,0.00019903027004005,0.014446120933165225,0.014247090663125175,-0.08344241826820198,-0.01415899897960185,-0.26626794258373204,-0.39650478651454546
2017,S0,state_age,7,7,0,4.142857142857143,2.0,1.0,6.0,5.0,5,5,0,4.0,2.0,1.0,8.0,7.0,-0.14285714285714324,0.0,0.05714285714285714,-0.03308540689535335
2017,S0,bars_since_transition,6,7,1,3.0,0.5,0.0,4.75,4.75,4,5,1,3.75,4.0,0.75,7.0,6.25,0.75,3.5,0.25,0.1581661485648175
2017,S0,max_posterior,7,7,0,0.9883105556853907,0.9999998482275751,0.9998673290546982,0.999999999423899,0.00013267036920083797,5,5,0,0.9962089803110281,0.999999877264362,0.9993046777673388,0.9999999833841074,0.0006953056167686711,0.00789842462563739,2.9036786863834152e-08,-0.2,0.298701893234566
2017,S0,posterior_margin,7,7,0,0.9766211113708047,0.9999996964551487,0.9997346581094033,0.9999999988478733,0.00026534073846995465,5,5,0,0.9924179606315396,0.9999997545287238,0.9986093555346762,0.9999999668156312,0.0013906112809549676,0.01579684926073499,5.8073575059935933e-08,-0.2,0.2987018934088953
2017,S0,posterior_entropy,7,7,0,0.04072819718065641,2.5347336190124257e-06,1.2485117225498623e-08,0.00126516640053955,0.0012651539154223245,5,5,0,0.01938793627106208,2.0758564469512558e-06,3.145799788551897e-07,0.00575086238449,0.005750547804511145,-0.021340260909594327,-4.588771720611699e-07,0.2,-0.22790983156453645
2017,S1,state_age,122,122,0,10.295081967213115,5.0,2.0,9.0,7.0,3,3,0,3.3333333333333335,4.0,2.5,4.5,2.0,-6.961748633879781,-1.0,-0.319672131147541,-0.47951706120427595
2017,S1,bars_since_transition,114,122,8,8.807017543859649,4.0,1.0,8.0,7.0,3,3,0,2.3333333333333335,3.0,1.5,3.5,2.0,-6.473684210526315,-1.0,-0.30994152046783624,-0.4640558497653436
2017,S1,max_posterior,122,122,0,0.9199832602008778,0.9954114876068574,0.894191878799625,0.9998407305207229,0.10564885172109784,3,3,0,0.65468780439253,0.5401461925515273,0.48906194481347615,0.7630428580510826,0.2739809132376065,-0.2652954558083478,-0.4552652950553301,-0.7049180327868853,-1.9541583006505208
2017,S1,posterior_margin,122,122,0,0.840364708444503,0.9910061931078663,0.7950652978157668,0.9996822876398891,0.20461698982412224,3,3,0,0.4035333394013949,0.1563654200685497,0.118353777311555,0.5651289418248122,0.4467751645132572,-0.43683136904310804,-0.8346407730393166,-0.6666666666666666,-1.627159092908638
2017,S1,posterior_entropy,122,122,0,0.1812500909665652,0.029931433339672048,0.0015567016476607,0.3642263440725895,0.36266964242492883,3,3,0,0.6150388220450207,0.6904243165957573,0.3850598907514544,0.8827105006139553,0.49765060986250087,0.4337887310784555,0.6604928832560852,0.7049180327868853,1.7321900701802697
2017,S2,state_age,144,144,0,9.604166666666666,7.0,3.0,13.0,10.0,36,36,0,11.11111111111111,11.0,6.0,12.25,6.25,1.5069444444444446,4.0,0.16666666666666666,0.1782985943710014
2017,S2,bars_since_transition,132,144,12,8.0,6.0,2.0,11.25,9.25,36,36,0,10.11111111111111,10.0,5.0,11.25,6.25,2.1111111111111107,4.0,0.20202020202020202,0.2655144448026692
2017,S2,max_posterior,144,144,0,0.9370830545685472,0.9992319001203418,0.9659750343311695,0.9999866681818841,0.034011633850714595,36,36,0,0.9777767428009807,0.999976618799598,0.9996362073120333,0.9999918301981734,0.0003556228861401056,0.04069368823243347,0.0007447186792561844,0.28510802469135804,0.3395406763853633
2017,S2,posterior_margin,144,144,0,0.874495522791536,0.9984678005118264,0.9319542269655183,0.999974912897854,0.06802068593233568,36,36,0,0.9555545189249524,0.9999539972175784,0.9992917914777757,0.9999836603963459,0.0006918689185702043,0.08105899613341638,0.0014861967057520076,0.2789351851851852,0.3390538130649316
2017,S2,posterior_entropy,144,144,0,0.13540876928048998,0.0063009603677246,0.000168924102425475,0.14847311995916465,0.14830419585673918,36,36,0,0.0519794127587693,0.0002755069478462,0.00010386450222907667,0.003310881981508325,0.003207017479279248,-0.08342935652172068,-0.0060254534198784,-0.2881944444444444,-0.38046579332946745
2018,S0,state_age,8,8,0,3.125,2.0,1.0,2.5,1.5,4,4,0,5.0,5.0,3.5,6.5,3.0,1.875,3.0,0.5625,0.5062655243957058
2018,S0,bars_since_transition,8,8,0,2.125,1.0,0.0,1.5,1.5,4,4,0,4.0,4.0,2.5,5.5,3.0,1.875,3.0,0.5625,0.5062655243957058
2018,S0,max_posterior,8,8,0,0.9580298953813442,0.999939364437132,0.9660126250909675,0.9999691332340501,0.0339565081430826,4,4,0,0.897946167773987,0.9679937246926296,0.8659664790649411,0.9999734134016753,0.13400693433673427,-0.06008372760735725,-0.031945639744502485,0.0,-0.49348237520269334
2018,S0,posterior_margin,8,8,0,0.9160597909989783,0.9998787288742633,0.9320252515996748,0.9999382664681012,0.06791301486842649,4,4,0,0.7958923355480076,0.935987449385326,0.7319329581298827,0.9999468268034509,0.26801386867356825,-0.12016745545097063,-0.06389127948893736,0.0,-0.4934823760537565
2018,S0,posterior_entropy,8,8,0,0.11524452271271668,0.0006465101664675499,0.0003427727486278782,0.1259508439335582,0.12560807118493034,4,4,0,0.2204889564974461,0.1190859742622287,0.0002990302009423512,0.33927590055873247,0.3389768703577901,0.10524443378472942,0.11843946409576114,0.0,0.4086591960554412
2018,S1,state_age,139,139,0,8.007194244604317,5.0,2.0,8.5,6.5,1,1,0,4.0,4.0,4.0,4.0,0.0,-4.007194244604317,-1.0,-0.10071942446043165,
2018,S1,bars_since_transition,137,139,2,6.978102189781022,4.0,1.0,7.0,6.0,1,1,0,3.0,3.0,3.0,3.0,0.0,-3.978102189781022,-1.0,-0.10218978102189781,
2018,S1,max_posterior,139,139,0,0.9088913797758517,0.9934650820319596,0.8753564539100391,0.9999370255255956,0.12458057161555647,1,1,0,0.9994070643718426,0.9994070643718426,0.9994070643718426,0.9994070643718426,0.0,0.09051568459599091,0.005941982339882967,0.30935251798561153,
2018,S1,posterior_margin,139,139,0,0.8183426243185363,0.9869301873401422,0.7575899417889436,0.999876504552556,0.24228656276361238,1,1,0,0.9988508183002602,0.9988508183002602,0.9988508183002602,0.9988508183002602,0.0,0.1805081939817239,0.011920630960118084,0.30935251798561153,
2018,S1,posterior_entropy,139,139,0,0.19370785482120143,0.0411638238127568,0.00070328850321405,0.38868696914217765,0.3879836806389636,1,1,0,0.0051361457393612,0.0051361457393612,0.0051361457393612,0.0051361457393612,0.0,-0.18857170908184023,-0.0360276780733956,-0.30935251798561153,
2018,S2,state_age,195,195,0,14.333333333333334,10.0,4.0,20.0,16.0,48,48,0,10.416666666666666,10.0,5.0,14.0,9.0,-3.916666666666668,0.0,-0.05694444444444444,-0.2855417825650223
2018,S2,bars_since_transition,182,195,13,13.291208791208792,9.0,3.0,19.0,16.0,47,48,1,9.617021276595745,9.0,4.5,13.0,8.5,-3.674187514613047,0.0,-0.030044423661444938,-0.26413109366116694
2018,S2,max_posterior,195,195,0,0.9417063456058197,0.999522533090066,0.967832093884298,0.9999833376020701,0.032151243717772116,48,48,0,0.9941805610477287,0.9999781398368295,0.9998087184134649,0.9999932803840064,0.00018456197054150802,0.052474215441909,0.0004556067467634817,0.3655982905982906,0.48835841404429553
2018,S2,posterior_margin,195,195,0,0.8840060306009089,0.9990507847639328,0.9436776806592121,0.9999693322882415,0.05629165162902938,48,48,0,0.9883620886795638,0.9999562796736582,0.9996174368269299,0.999986560768017,0.00036912394108701285,0.10435605807865489,0.0009054949097253573,0.3658119658119658,0.48698848015729934
2018,S2,posterior_entropy,195,195,0,0.13142322699885267,0.0041595375002744,0.000209220772498,0.1445845220270886,0.1443753012545906,48,48,0,0.017886846815445844,0.00025677733167785003,8.675255186212021e-05,0.0018288082150731,0.0017420556632109798,-0.11353638018340682,-0.00390276016859655,-0.36666666666666664,-0.556935409424495
2019,S0,state_age,10,10,0,11.3,8.0,4.5,12.0,7.5,1,1,0,13.0,13.0,13.0,13.0,0.0,1.6999999999999993,5.0,0.6,
2019,S0,bars_since_transition,10,10,0,10.3,7.0,3.5,11.0,7.5,1,1,0,12.0,12.0,12.0,12.0,0.0,1.6999999999999993,5.0,0.6,
2019,S0,max_posterior,10,10,0,0.9825659838136784,0.9985054173496672,0.9936303825577992,0.9999762403674771,0.006345857809677891,1,1,0,1.0,1.0,1.0,1.0,0.0,0.017434016186321566,0.0014945826503327542,0.9,
2019,S0,posterior_margin,10,10,0,0.9651322948484328,0.997010834699334,0.9872632160780791,0.9999524807349542,0.012689264656875143,1,1,0,1.0,1.0,1.0,1.0,0.0,0.03486770515156723,0.0029891653006659524,0.9,
2019,S0,posterior_entropy,10,10,0,0.06075903713924432,0.011214562821711599,0.00024536717208598497,0.038115704453947,0.03787033728186101,1,1,0,2.0363740333850617e-71,2.0363740333850617e-71,2.0363740333850617e-71,2.0363740333850617e-71,0.0,-0.06075903713924432,-0.011214562821711599,-1.0,
2019,S1,state_age,88,88,0,7.329545454545454,4.0,2.0,8.0,6.0,2,2,0,11.5,11.5,6.25,16.75,10.5,4.170454545454546,7.5,-0.017045454545454544,0.4827441347480992
2019,S1,bars_since_transition,81,88,7,6.654320987654321,3.0,1.0,8.0,7.0,2,2,0,10.5,10.5,5.25,15.75,10.5,3.8456790123456788,7.5,-0.030864197530864196,0.4314333495166705
2019,S1,max_posterior,88,88,0,0.8926265885949204,0.9818257109105738,0.8271672784381155,0.9997180900226598,0.17255081158454422,2,2,0,0.8963642880768208,0.8963642880768208,0.8448134908478059,0.9479150853058356,0.10310159445802969,0.0037376994819003917,-0.08546142283375302,-0.06818181818181818,0.02585587948590866
2019,S1,posterior_margin,88,88,0,0.7860598392502337,0.9636731492463265,0.6543420282017263,0.9994910637927389,0.3451490355910126,2,2,0,0.7928517281532141,0.7928517281532141,0.6896898650173173,0.8960135912891111,0.20632372627179374,0.006791888902980436,-0.17082142109311238,-0.056818181818181816,0.02348411236706107
2019,S1,posterior_entropy,88,88,0,0.2387480292696026,0.0903688065687841,0.002709141323694675,0.460418523990938,0.45770938266724337,2,2,0,0.2572802048468546,0.2572802048468546,0.1311034364828479,0.38345697321086125,0.25235353672801336,0.018532175577252008,0.1669113982780705,0.06818181818181818,0.07087405341754219
2019,S2,state_age,143,143,0,8.811188811188812,6.0,3.0,12.0,9.0,22,22,0,10.636363636363637,10.0,8.0,12.75,4.75,1.825174825174825,4.0,0.3267641449459631,0.22299692239154087
2019,S2,bars_since_transition,140,143,3,7.9,5.0,2.0,11.0,9.0,21,22,1,9.904761904761905,9.0,7.0,12.0,5.0,2.0047619047619047,4.0,0.3404761904761905,0.2428600601590264
2019,S2,max_posterior,143,143,0,0.9322441050886554,0.9996445445461885,0.9593450366685872,0.9999790626773997,0.040634026008812496,22,22,0,0.997583949601096,0.9999670003398919,0.9998173417793839,0.9999961332247262,0.00017879144534238556,0.06533984451244057,0.0003224557937034911,0.43102352193261284,0.5377126822232073
2019,S2,posterior_margin,143,143,0,0.8646397425032292,0.9992892100633036,0.9189203067027558,0.9999612177987499,0.0810409110959941,22,22,0,0.9951688935711694,0.9999396990548731,0.9996346835587683,0.9999928496491397,0.00035816609037142566,0.13052915106794027,0.0006504889915694978,0.4354736172917991,0.5370701342365344
2019,S2,posterior_entropy,143,143,0,0.14462064117910642,0.0031795457838851,0.0002501474032567,0.16962188385112026,0.16937173644786355,22,22,0,0.011177830899916833,0.00038296164289295005,5.279118263615648e-05,0.0017545631050672249,0.0017017719224310683,-0.13344281027918958,-0.0027965841409921498,-0.43102352193261284,-0.597017805295483
2020,S0,state_age,18,18,0,11.88888888888889,5.5,1.0,14.5,13.5,0,0,0,,,,,,,,,
2020,S0,bars_since_transition,17,18,1,11.294117647058824,5.0,0.0,14.0,14.0,0,0,0,,,,,,,,,
2020,S0,max_posterior,18,18,0,0.9545170519358308,0.9997772566698442,0.9731991444484422,0.9999994789505366,0.026800334502094403,0,0,0,,,,,,,,,
2020,S0,posterior_margin,18,18,0,0.9218357811005657,0.9995547105459262,0.9463982888968845,0.9999989579040424,0.053600669007157875,0,0,0,,,,,,,,,
2020,S0,posterior_entropy,18,18,0,0.11856461914964268,0.00208990444752555,7.352416729461072e-06,0.12331151109588143,0.12330415867915197,0,0,0,,,,,,,,,
2020,S1,state_age,121,121,0,7.628099173553719,5.0,2.0,8.0,6.0,1,1,0,3.0,3.0,3.0,3.0,0.0,-4.628099173553719,-2.0,-0.35537190082644626,
2020,S1,bars_since_transition,115,121,6,6.626086956521739,4.0,1.0,7.0,6.0,1,1,0,2.0,2.0,2.0,2.0,0.0,-4.626086956521739,-2.0,-0.3217391304347826,
2020,S1,max_posterior,121,121,0,0.9135045066356502,0.9955825908854644,0.8863091971989944,0.9999300974024228,0.11362090020342841,1,1,0,0.5134731272854743,0.5134731272854743,0.5134731272854743,0.5134731272854743,0.0,-0.40003137935017585,-0.4821094635999901,-0.9834710743801653,
2020,S1,posterior_margin,121,121,0,0.8278768191227984,0.9911651817709354,0.7726193646924813,0.9998670604659584,0.22724769577347714,1,1,0,0.0269490608828613,0.0269490608828613,0.0269490608828613,0.0269490608828613,0.0,-0.8009277582399371,-0.9642161208880741,-1.0,
2020,S1,posterior_entropy,121,121,0,0.19157877722572506,0.0314037593493368,0.0007612058432506,0.3541752443945072,0.3534140385512566,1,1,0,0.6928207456334337,0.6928207456334337,0.6928207456334337,0.6928207456334337,0.0,0.5012419684077086,0.6614169862840968,0.9669421487603306,
2020,S2,state_age,186,186,0,11.623655913978494,9.0,3.0,14.0,11.0,30,30,0,11.166666666666666,9.5,6.0,14.0,8.0,-0.456989247311828,0.5,0.09032258064516129,-0.04361260374501989
2020,S2,bars_since_transition,178,186,8,10.584269662921349,8.0,2.0,13.0,11.0,28,30,2,10.785714285714286,9.0,5.75,13.0,7.25,0.20144462279293762,1.0,0.14065008025682182,0.01925596091049022
2020,S2,max_posterior,186,186,0,0.9493851398182939,0.9991966754261334,0.9728272380128558,0.9999780880505831,0.027150850037727325,30,30,0,0.9932294171616768,0.9999322574056377,0.9993963794452304,0.9999820596150528,0.0005856801698224112,0.04384427734338292,0.0007355819795042962,0.23799283154121864,0.4325260051433166
2020,S2,posterior_margin,186,186,0,0.8989263544679248,0.9983948476282646,0.9456744313221822,0.9999563131134908,0.05428188179130855,30,30,0,0.9864600665334475,0.9998645148112759,0.9987927588904619,0.9999641193667064,0.001171360476244443,0.08753371206552274,0.0014696671830113361,0.23942652329749103,0.4319553046985977
2020,S2,posterior_entropy,186,186,0,0.11896539873418469,0.00653314468972385,0.000257785655081475,0.1249153905140675,0.12465760485898603,30,30,0,0.02832013182916649,0.00071763367416395,0.000213890511886725,0.005063977069295225,0.0048500865574084995,-0.0906452669050182,-0.0058155110155599,-0.23942652329749103,-0.46782958457360857
2021,S0,state_age,5,5,0,4.0,2.0,2.0,6.0,4.0,4,4,0,4.0,3.0,1.75,5.25,3.5,0.0,1.0,0.0,0.0
2021,S0,bars_since_transition,3,5,2,3.0,1.0,0.5,4.5,4.0,4,4,0,3.0,2.0,0.75,4.25,3.5,0.0,1.0,0.08333333333333333,0.0
2021,S0,max_posterior,5,5,0,0.8944482026248851,0.9710400175947564,0.9464984195455768,0.9989673714657084,0.05246895192013157,4,4,0,0.9879816666528373,0.9999997787527193,0.9879814513445035,0.9999999940610529,0.01201854271654934,0.09353346402795215,0.028959761157962838,0.5,0.573530004924661
2021,S0,posterior_margin,5,5,0,0.7888964053414511,0.94208003564702,0.892996839091155,0.9979347429323095,0.10493790384115453,4,4,0,0.9759633333056752,0.9999995575054386,0.9759629026890063,0.9999999881221073,0.024037085433101013,0.18706692796422408,0.05791952185841853,0.5,0.5735300045750852
2021,S0,posterior_entropy,5,5,0,0.2069721814378113,0.1311081764285002,0.0081320852703069,0.2086991275407992,0.2005670422704923,4,4,0,0.04820209178442979,3.478132857368245e-06,1.1672511552395147e-07,0.04820545319217163,0.048205336467056104,-0.15877008965338152,-0.13110469829564284,-0.5,-0.6344529341868904
2021,S1,state_age,106,106,0,10.415094339622641,5.0,2.0,11.0,9.0,1,1,0,36.0,36.0,36.0,36.0,0.0,25.58490566037736,31.0,0.8490566037735849,
2021,S1,bars_since_transition,100,106,6,9.12,4.0,1.0,9.0,8.0,1,1,0,35.0,35.0,35.0,35.0,0.0,25.880000000000003,31.0,0.84,
2021,S1,max_posterior,106,106,0,0.9081335224661573,0.9853153051708442,0.8451312597710341,0.9998228189548846,0.15469155918385047,1,1,0,0.9983972876535484,0.9983972876535484,0.9983972876535484,0.9983972876535484,0.0,0.0902637651873911,0.013081982482704202,0.24528301886792453,
2021,S1,posterior_margin,106,106,0,0.8180488254684668,0.9706363447351762,0.6902914628065266,0.9996499769298324,0.30935851412330573,1,1,0,0.9968138253368328,0.9968138253368328,0.9968138253368328,0.9968138253368328,0.0,0.17876499986836603,0.02617748060165659,0.24528301886792453,
2021,S1,posterior_entropy,106,106,0,0.21256922305822645,0.07658799894426499,0.0016998067663363749,0.4312906468180365,0.4295908400517002,1,1,0,0.0120208331616421,0.0120208331616421,0.0120208331616421,0.0120208331616421,0.0,-0.20054838989658436,-0.06456716578262289,-0.24528301886792453,
2021,S2,state_age,167,167,0,11.874251497005988,8.0,4.0,16.0,12.0,35,35,0,10.228571428571428,10.0,7.0,12.5,5.5,-1.6456800684345598,2.0,0.06364414029084688,-0.14179402347494582
2021,S2,bars_since_transition,156,167,11,9.884615384615385,7.0,2.0,13.0,11.0,31,35,4,9.129032258064516,9.0,6.5,11.5,5.0,-0.755583126550869,2.0,0.11497105045492143,-0.07292844646045929
2021,S2,max_posterior,167,167,0,0.9529743124792819,0.9998355860722008,0.9725034616457893,0.9999892179844584,0.02748575633866912,35,35,0,0.9710150990068042,0.9999858410883484,0.9993418330800212,0.9999960028529474,0.0006541697729262053,0.01804078652752228,0.00015025501614762682,0.2636441402908469,0.17028649456887546
2021,S2,posterior_margin,167,167,0,0.9065961408638487,0.99967756748383,0.9451165966729269,0.9999784359701137,0.0548618392971868,35,35,0,0.9420314353832828,0.9999716821767124,0.9986856202278847,0.999992005811358,0.0013063855834734017,0.03543529451943417,0.0002941146928824301,0.25988023952095807,0.16846552106655077
2021,S2,posterior_entropy,167,167,0,0.11237566071988357,0.0016239930595353,0.00013404701659185,0.12634457324658416,0.12621052622999232,35,35,0,0.05121114807498428,0.00017224541547,5.3670934031701564e-05,0.0054108027781,0.005357131844068299,-0.06116451264489929,-0.0014517476440653,-0.2663815226689478,-0.3086099643692364
2022,S0,state_age,16,16,0,6.3125,4.5,1.0,10.5,9.5,8,8,0,7.375,7.5,3.25,12.0,8.75,1.0625,3.0,0.140625,0.18488674100645225
2022,S0,bars_since_transition,15,16,1,5.466666666666667,4.0,0.0,10.0,10.0,8,8,0,6.375,6.5,2.25,11.0,8.75,0.9083333333333332,2.5,0.13333333333333333,0.1548134738148235
2022,S0,max_posterior,16,16,0,0.9699998309960078,0.9999998720618223,0.9995864999598798,0.9999999999733964,0.00041350001351658783,8,8,0,0.9540232356487701,0.9996431350052086,0.9632593924465029,0.9999998599393815,0.036740467492878515,-0.01597659534723772,-0.00035673705661365407,-0.2734375,-0.20562656404881371
2022,S0,posterior_margin,16,16,0,0.940089126117822,0.9999997441236446,0.9991729999197612,0.9999999999467921,0.0008270000270309552,8,8,0,0.9080464716634091,0.9992862714738746,0.9265187848930065,0.9999997198787889,0.07348093498578234,-0.0320426544544129,-0.0007134726497699528,-0.2734375,-0.20633289591484374
2022,S0,posterior_entropy,16,16,0,0.08160222726709028,2.1553173951030064e-06,6.672341398544213e-10,0.003434968279401875,0.003434967612167735,8,8,0,0.12035495687006306,0.0030528275394187,2.3104631105186636e-06,0.11616304904387859,0.11616073858076807,0.03875272960297278,0.003050672222023597,0.25,0.19575747445291236
2022,S1,state_age,104,104,0,6.028846153846154,4.0,2.0,7.0,5.0,0,0,0,,,,,,,,,
2022,S1,bars_since_transition,100,104,4,5.04,3.0,0.75,6.0,5.25,0,0,0,,,,,,,,,
2022,S1,max_posterior,104,104,0,0.9072579233892859,0.9873153602569982,0.8523241244983828,0.9998161994532908,0.14749207495490801,0,0,0,,,,,,,,,
2022,S1,posterior_margin,104,104,0,0.8150515353268553,0.9747153393448568,0.70465543142242,0.9996331478689371,0.29497771644651705,0,0,0,,,,,,,,,
2022,S1,posterior_entropy,104,104,0,0.20864260220559566,0.06837451876161796,0.001769469928600275,0.4187266943949644,0.41695722446636413,0,0,0,,,,,,,,,
2022,S2,state_age,178,178,0,12.134831460674157,9.0,4.0,15.0,11.0,43,43,0,13.395348837209303,10.0,6.5,14.0,7.5,1.2605173765351463,1.0,0.08126469819702116,0.10424909667271919
2022,S2,bars_since_transition,168,178,10,11.005952380952381,8.5,3.0,14.0,11.0,38,43,5,12.105263157894736,9.0,6.0,13.0,7.0,1.099310776942355,0.5,0.08693609022556391,0.09205473351974397
2022,S2,max_posterior,178,178,0,0.9356640687870047,0.9995811025319574,0.9474188020081546,0.999979942843265,0.05256114083511032,43,43,0,0.9815727291069208,0.9998816916721772,0.9964461448140397,0.9999883399379639,0.0035421951239241745,0.04590866031991614,0.000300589140219798,0.18735301802978835,0.3981666409103592
2022,S2,posterior_margin,178,178,0,0.8718267042378256,0.999192971792539,0.8948444870761515,0.9999598860194279,0.10511539894327637,43,43,0,0.9631683254010747,0.9997851084064928,0.9928928842973652,0.9999766804343453,0.0070837961369800695,0.09134162116324906,0.0005921366139538531,0.18604651162790697,0.39693589288148606
2022,S2,posterior_entropy,178,178,0,0.14212229649454647,0.00381494323001015,0.0002386458458969,0.20605405526636936,0.20581540942047247,43,43,0,0.05167350113569234,0.0012444867165331,0.0001441073142903,0.02359500912427895,0.02345090180998865,-0.09044879535885413,-0.0025704565134770504,-0.18918212699242226,-0.4156336551526067
